Date,Actual Temperature,Predicted Temperature,Actual Humidity,Predicted Humidity
2025-02-23 00:00:00,30.5,31.347126,88.83,83.04025
2025-02-23 01:00:00,26.0,29.342155,94.23,87.99922
2025-02-23 02:00:00,26.0,26.448004,94.23,90.62738
2025-02-23 03:00:00,30.8,26.536959,88.84,90.614655
2025-02-23 04:00:00,26.0,30.501045,88.76,87.552666
2025-02-23 05:00:00,26.1,26.897856,88.79,87.35589
2025-02-23 06:00:00,26.0,26.726564,88.78,85.76919
2025-02-23 07:00:00,25.0,28.048553,100.0,84.901596
2025-02-23 08:00:00,30.3,29.509272,82.2,88.462585
2025-02-23 09:00:00,31.8,32.02581,78.91,75.42782
2025-02-23 10:00:00,33.2,34.509342,62.27,75.143036
2025-02-23 11:00:00,35.7,35.106155,71.07,61.728867
2025-02-23 12:00:00,35.2,36.297466,46.43,70.614845
2025-02-23 13:00:00,35.7,36.35626,41.25,50.90055
2025-02-23 14:00:00,37.1,35.538548,69.56,54.875683
2025-02-23 15:00:00,39.1,36.929268,59.26,67.964005
2025-02-23 16:00:00,39.1,38.57671,59.26,64.309364
2025-02-23 17:00:00,35.9,37.904945,72.83,67.02353
2025-02-23 18:00:00,34.4,34.933804,79.05,75.26346
2025-02-23 19:00:00,34.4,33.968163,79.05,77.11961
2025-02-23 20:00:00,34.5,34.52837,78.12,78.79962
2025-02-23 21:00:00,30.0,34.177418,83.67,78.33935
2025-02-23 22:00:00,30.0,30.05059,83.67,84.47276
2025-02-23 23:00:00,32.2,29.367302,78.47,84.49543
2025-02-24 00:00:00,30.5,31.744638,88.83,80.552345
2025-02-24 01:00:00,30.0,29.666748,83.67,89.80226
2025-02-24 02:00:00,30.2,29.140785,81.22,82.434456
2025-02-24 03:00:00,26.7,29.918575,88.81,81.13195
2025-02-24 04:00:00,25.0,26.08924,94.19,88.55541
2025-02-24 05:00:00,26.3,26.219206,87.75,90.47673
2025-02-24 06:00:00,25.0,26.66389,94.19,85.908394
2025-02-24 07:00:00,26.0,27.539608,88.75,89.19304
2025-02-24 08:00:00,31.8,28.552073,80.35,82.03994
2025-02-24 09:00:00,32.6,33.323345,70.1,73.00745
2025-02-24 10:00:00,33.6,34.069977,55.31,66.39851
2025-02-24 11:00:00,36.4,35.129276,65.54,55.39577
2025-02-24 12:00:00,34.5,36.47575,43.63,66.92694
2025-02-24 13:00:00,36.7,34.580296,66.39,49.65242
2025-02-24 14:00:00,36.1,36.947258,73.7,64.9158
2025-02-24 15:00:00,37.9,35.731316,70.44,73.91134
2025-02-24 16:00:00,32.5,36.628918,78.48,68.77235
2025-02-24 17:00:00,35.6,32.996307,73.66,78.48793
2025-02-24 18:00:00,34.0,34.754284,66.17,75.37789
2025-02-24 19:00:00,31.1,33.660114,74.29,70.433784
2025-02-24 20:00:00,34.2,31.732649,76.73,76.86065
2025-02-24 21:00:00,31.8,33.69373,78.91,78.242905
2025-02-24 22:00:00,29.5,31.536133,78.77,79.25462
2025-02-24 23:00:00,32.0,28.90954,74.39,79.081985
2025-02-25 00:00:00,31.3,31.299297,82.25,75.83053
2025-02-25 01:00:00,26.0,30.672379,88.75,82.64538
2025-02-25 02:00:00,26.0,26.42462,88.75,87.43544
2025-02-25 03:00:00,25.0,26.51479,88.68,88.47723
2025-02-25 04:00:00,25.0,26.413837,88.68,88.22518
2025-02-25 05:00:00,26.3,26.300543,83.64,88.02505
2025-02-25 06:00:00,24.0,26.851025,94.15,80.60741
2025-02-25 07:00:00,30.7,28.180878,88.84,88.50062
2025-02-25 08:00:00,31.5,31.773432,82.23,85.08765
2025-02-25 09:00:00,33.7,33.216278,74.46,78.79831
2025-02-25 10:00:00,36.7,34.692863,66.37,70.02474
2025-02-25 11:00:00,36.3,36.578312,62.53,65.09329
2025-02-25 12:00:00,35.7,36.233513,41.25,63.692074
2025-02-25 13:00:00,36.7,35.035904,66.29,51.797318
2025-02-25 14:00:00,37.5,36.217323,68.4,65.51642
2025-02-25 15:00:00,36.7,36.370728,66.37,68.52917
2025-02-25 16:00:00,36.7,35.518867,66.38,66.86838
2025-02-25 17:00:00,35.5,35.695034,70.28,67.82697
2025-02-25 18:00:00,34.7,34.998947,79.05,71.070045
2025-02-25 19:00:00,34.7,34.54082,79.08,76.07523
2025-02-25 20:00:00,34.3,34.525185,77.22,78.62925
2025-02-25 21:00:00,34.7,33.996902,79.08,78.02853
2025-02-25 22:00:00,34.7,34.31709,79.07,81.00408
2025-02-25 23:00:00,33.7,34.007393,83.84,78.84502
2025-02-26 00:00:00,32.8,33.103832,83.82,84.60224
2025-02-26 01:00:00,33.7,32.185642,88.94,84.2646
2025-02-26 02:00:00,30.9,32.97965,90.44,87.76541
2025-02-26 03:00:00,30.7,30.498098,88.86,89.719124
2025-02-26 04:00:00,30.7,30.224298,88.86,88.19169
2025-02-26 05:00:00,26.1,30.512384,90.93,87.77583
2025-02-26 06:00:00,26.0,27.502235,88.78,88.54609
2025-02-26 07:00:00,24.0,28.37442,94.15,84.03759
2025-02-26 08:00:00,32.1,29.505219,82.76,87.57163
2025-02-26 09:00:00,35.2,34.39394,70.27,76.354195
2025-02-26 10:00:00,35.2,36.566616,70.3,65.36241
2025-02-26 11:00:00,35.3,36.005512,54.81,70.24972
2025-02-26 12:00:00,37.1,35.75976,52.47,53.88526
2025-02-26 13:00:00,36.2,37.527874,30.55,52.636578
2025-02-26 14:00:00,36.0,35.72634,55.85,51.26163
2025-02-26 15:00:00,38.2,35.495956,49.64,62.059624
2025-02-26 16:00:00,36.0,37.185703,49.39,48.595654
2025-02-26 17:00:00,34.9,35.002098,63.1,54.956547
2025-02-26 18:00:00,33.2,34.804,62.27,75.53993
2025-02-26 19:00:00,32.6,33.59296,70.1,69.682434
2025-02-26 20:00:00,35.7,33.10643,71.18,72.75865
2025-02-26 21:00:00,31.8,35.03765,78.91,73.43675
2025-02-26 22:00:00,31.8,31.705528,78.91,79.62162
2025-02-26 23:00:00,33.5,31.570492,75.81,78.55738
2025-02-27 00:00:00,32.0,32.991413,78.45,80.800705
2025-02-27 01:00:00,26.0,31.362768,88.75,80.19944
2025-02-27 02:00:00,29.7,27.464844,83.66,87.1317
2025-02-27 03:00:00,30.2,29.139763,83.7,82.092834
2025-02-27 04:00:00,24.0,29.62213,94.15,84.96399
2025-02-27 05:00:00,26.3,26.380136,80.15,91.88774
2025-02-27 06:00:00,26.0,27.03894,73.96,75.80628
2025-02-27 07:00:00,26.5,28.692621,81.62,67.373245
2025-02-27 08:00:00,29.5,28.948557,59.97,79.16505
2025-02-27 09:00:00,29.3,31.28919,74.6,50.944176
2025-02-27 10:00:00,30.9,31.587206,40.43,72.128426
2025-02-27 11:00:00,31.8,32.8542,35.87,46.16496
2025-02-27 12:00:00,32.9,33.609177,28.12,49.31524
2025-02-27 13:00:00,31.7,34.404488,35.81,47.21863
2025-02-27 14:00:00,34.1,32.59683,48.49,44.10854
2025-02-27 15:00:00,34.3,34.65328,49.09,48.83291
2025-02-27 16:00:00,33.1,34.084373,51.98,50.75141
2025-02-27 17:00:00,33.7,32.989403,53.62,52.546432
2025-02-27 18:00:00,33.8,33.675938,55.33,56.00768
2025-02-27 19:00:00,30.7,33.482227,58.34,65.97229
2025-02-27 20:00:00,30.7,31.892204,58.34,69.540054
2025-02-27 21:00:00,29.1,31.125584,74.13,70.33577
2025-02-27 22:00:00,29.1,29.992785,74.13,74.2507
2025-02-27 23:00:00,32.3,29.467857,67.24,75.64638
2025-02-28 00:00:00,26.0,31.62516,83.56,72.188576
2025-02-28 01:00:00,26.0,27.50139,83.56,78.74128
2025-02-28 02:00:00,25.0,27.388163,83.45,80.60797
2025-02-28 03:00:00,24.0,26.577745,88.6,81.43482
2025-02-28 04:00:00,30.7,26.11432,76.07,85.53361
2025-02-28 05:00:00,26.1,30.679802,78.71,68.74086
2025-02-28 06:00:00,26.0,26.478106,78.68,74.43377
2025-02-28 07:00:00,29.7,26.564861,78.82,76.317795
2025-02-28 08:00:00,30.7,29.544928,69.91,77.0912
2025-02-28 09:00:00,32.5,31.432531,48.86,61.04611
2025-02-28 10:00:00,33.0,33.042675,43.36,45.441338
2025-02-28 11:00:00,34.8,32.998085,43.9,47.31642
2025-02-28 12:00:00,34.5,34.57492,36.38,45.949116
2025-02-28 13:00:00,36.7,33.951458,32.56,46.980568
2025-02-28 14:00:00,39.6,35.953762,59.21,47.34084
2025-02-28 15:00:00,39.2,38.8402,34.95,57.11226
2025-02-28 16:00:00,34.3,37.820423,49.1,44.917885
2025-02-28 17:00:00,33.3,33.471992,52.0,50.50705
2025-02-28 18:00:00,32.0,33.320286,55.09,59.11787
2025-02-28 19:00:00,32.5,31.578316,58.57,55.19535
2025-02-28 20:00:00,33.4,31.777504,59.41,66.90204
2025-02-28 21:00:00,29.5,32.668312,78.77,63.53164
2025-02-28 22:00:00,33.4,29.271273,62.34,73.536026
2025-02-28 23:00:00,32.1,32.769783,66.0,68.19899
2025-03-01 00:00:00,32.8,31.512726,70.12,69.91371
2025-03-01 01:00:00,31.4,31.249416,74.32,72.473274
2025-03-01 02:00:00,32.5,30.787893,73.12,74.95811
2025-03-01 03:00:00,25.0,31.910593,83.45,74.113846
2025-03-01 04:00:00,26.0,26.142887,83.59,81.758316
2025-03-01 05:00:00,26.4,26.405611,86.16,79.60226
2025-03-01 06:00:00,26.0,26.991829,69.61,83.60037
2025-03-01 07:00:00,24.0,27.868073,83.33,63.1218
2025-03-01 08:00:00,29.3,28.93899,54.04,79.89296
2025-03-01 09:00:00,32.0,31.04016,55.07,47.4026
2025-03-01 10:00:00,33.0,33.747963,43.39,52.41615
2025-03-01 11:00:00,34.9,35.038624,42.38,47.98908
2025-03-01 12:00:00,35.1,35.915688,32.29,49.902016
2025-03-01 13:00:00,34.7,35.734066,43.62,43.900444
2025-03-01 14:00:00,34.8,34.63531,41.83,46.381348
2025-03-01 15:00:00,36.8,34.110123,39.02,46.134212
2025-03-01 16:00:00,35.7,35.661953,41.25,44.933968
2025-03-01 17:00:00,34.6,34.881252,52.15,46.766357
2025-03-01 18:00:00,34.4,34.257626,58.8,50.988365
2025-03-01 19:00:00,33.2,33.692936,62.27,59.41093
2025-03-01 20:00:00,34.3,33.28492,73.64,64.78982
2025-03-01 21:00:00,30.0,33.76293,83.67,73.380745
2025-03-01 22:00:00,30.0,30.551222,83.67,79.31688
2025-03-01 23:00:00,26.0,29.831646,88.75,81.472115
2025-03-02 00:00:00,26.0,28.262484,88.75,85.48577
2025-03-02 01:00:00,26.0,27.728533,83.56,87.06834
2025-03-02 02:00:00,32.5,27.024244,85.28,80.8345
2025-03-02 03:00:00,30.2,31.654161,83.68,83.1771
2025-03-02 04:00:00,24.0,29.79353,94.15,79.97938
2025-03-02 05:00:00,26.1,26.152359,87.19,86.7675
2025-03-02 06:00:00,29.7,26.369007,83.66,81.8683
2025-03-02 07:00:00,24.0,29.269697,83.33,77.41794
2025-03-02 08:00:00,33.1,28.479525,71.36,74.11806
2025-03-02 09:00:00,33.1,33.884476,52.02,62.519375
2025-03-02 10:00:00,33.9,34.16229,40.98,49.86741
2025-03-02 11:00:00,39.3,34.92687,56.84,47.61676
2025-03-02 12:00:00,35.0,38.770485,38.75,59.048126
2025-03-02 13:00:00,36.6,34.859257,43.89,50.711338
2025-03-02 14:00:00,36.2,36.05117,45.15,51.81486
2025-03-02 15:00:00,34.7,35.358505,43.63,50.99436
2025-03-02 16:00:00,36.2,33.855534,49.37,46.90132
2025-03-02 17:00:00,34.5,35.49963,43.63,43.380863
2025-03-02 18:00:00,33.6,34.6536,55.31,52.00427
2025-03-02 19:00:00,34.0,33.46564,66.17,62.558056
2025-03-02 20:00:00,34.0,33.695576,66.17,71.330315
2025-03-02 21:00:00,33.5,33.281693,74.46,69.23988
2025-03-02 22:00:00,33.5,33.0458,74.46,73.93303
2025-03-02 23:00:00,34.7,33.016396,72.41,78.39588
2025-03-03 00:00:00,30.0,33.878765,83.67,74.68812
2025-03-03 01:00:00,30.0,29.44603,83.67,83.53679
2025-03-03 02:00:00,33.3,29.285389,77.62,83.498795
2025-03-03 03:00:00,30.0,32.587193,83.67,76.84214
2025-03-03 04:00:00,30.0,29.931725,83.67,82.970055
2025-03-03 05:00:00,32.0,29.517984,74.39,80.57348
2025-03-03 06:00:00,31.7,32.293434,73.9,68.339066
2025-03-03 07:00:00,32.0,32.060238,78.93,71.73624
2025-03-03 08:00:00,35.2,32.69333,70.3,76.66841
2025-03-03 09:00:00,31.4,35.989964,69.99,63.730957
2025-03-03 10:00:00,36.9,31.868984,59.04,66.823135
2025-03-03 11:00:00,36.3,36.783752,49.72,52.722733
2025-03-03 12:00:00,37.2,36.441612,46.69,47.667603
2025-03-03 13:00:00,38.2,36.227295,49.64,47.748188
2025-03-03 14:00:00,38.1,37.583305,53.56,49.074093
2025-03-03 15:00:00,38.2,36.94395,55.79,54.32324
2025-03-03 16:00:00,40.5,37.26107,49.9,56.356674
2025-03-03 17:00:00,36.1,39.22349,61.78,50.277397
2025-03-03 18:00:00,37.8,35.327938,62.7,65.865074
2025-03-03 19:00:00,35.6,36.913124,62.51,65.5277
2025-03-03 20:00:00,35.7,35.534794,71.18,67.71541
2025-03-03 21:00:00,37.6,35.756367,79.2,73.92981
2025-03-03 22:00:00,36.3,36.269413,74.65,78.23762
2025-03-03 23:00:00,34.6,36.02435,77.7,75.93189
2025-03-04 00:00:00,32.8,34.11161,83.79,78.36738
2025-03-04 01:00:00,32.8,32.508053,83.81,83.54507
2025-03-04 02:00:00,32.8,32.280083,83.81,83.07617
2025-03-04 03:00:00,30.5,32.470837,88.83,83.64454
2025-03-04 04:00:00,32.8,29.943954,83.81,87.61545
2025-03-04 05:00:00,33.1,32.433132,88.92,81.65952
2025-03-04 06:00:00,26.0,33.40898,94.23,85.27747
2025-03-04 07:00:00,26.0,28.254576,94.23,88.19092
2025-03-04 08:00:00,37.3,29.254333,80.59,87.18887
2025-03-04 09:00:00,36.4,38.63831,66.37,72.89512
2025-03-04 10:00:00,35.7,36.88406,55.55,61.645092
2025-03-04 11:00:00,41.4,36.15501,73.97,54.227303
2025-03-04 12:00:00,36.0,39.668873,49.39,72.14091
2025-03-04 13:00:00,38.4,35.984634,44.17,48.038902
2025-03-04 14:00:00,40.5,38.30135,56.03,47.967777
2025-03-04 15:00:00,39.1,39.686893,66.57,56.906254
2025-03-04 16:00:00,37.6,38.28482,70.47,65.7729
2025-03-04 17:00:00,34.2,37.297897,75.38,71.28071
2025-03-04 18:00:00,33.5,34.787575,74.46,74.112785
2025-03-04 19:00:00,32.6,34.504036,70.1,75.464714
2025-03-04 20:00:00,31.6,33.29529,78.9,71.743935
2025-03-04 21:00:00,29.5,31.945559,78.77,81.02988
2025-03-04 22:00:00,30.0,29.719353,83.67,78.609825
2025-03-04 23:00:00,29.6,30.314548,82.66,84.060616
2025-03-05 00:00:00,30.0,29.767828,83.67,83.06033
2025-03-05 01:00:00,26.0,29.632921,88.75,84.13422
2025-03-05 02:00:00,26.0,27.633408,88.78,88.2755
2025-03-05 03:00:00,25.0,28.136166,94.19,88.30603
2025-03-05 04:00:00,25.0,27.613647,94.19,91.65736
2025-03-05 05:00:00,26.0,26.438484,87.72,89.61641
2025-03-05 06:00:00,25.0,27.595129,94.19,84.74423
2025-03-05 07:00:00,26.0,29.594273,88.76,87.313545
2025-03-05 08:00:00,30.2,29.382807,81.21,81.39199
2025-03-05 09:00:00,36.4,32.21833,66.37,76.85136
2025-03-05 10:00:00,35.2,37.253326,70.25,64.814644
2025-03-05 11:00:00,39.5,36.01491,68.49,69.590065
2025-03-05 12:00:00,39.2,38.67853,52.75,66.78327
2025-03-05 13:00:00,39.4,38.953987,46.96,54.321728
2025-03-05 14:00:00,40.0,38.07523,61.04,52.37156
2025-03-05 15:00:00,39.3,38.762737,66.58,64.47652
2025-03-05 16:00:00,37.9,38.21627,70.46,70.52458
2025-03-05 17:00:00,37.3,36.69687,70.43,73.336006
2025-03-05 18:00:00,35.0,36.401665,70.28,71.56332
2025-03-05 19:00:00,33.5,35.411114,74.46,73.602425
2025-03-05 20:00:00,33.5,33.094883,75.81,76.46481
2025-03-05 21:00:00,32.6,32.95108,83.78,78.78544
2025-03-05 22:00:00,32.6,32.037373,83.78,83.711006
2025-03-05 23:00:00,32.8,32.15064,78.98,84.288086
2025-03-06 00:00:00,30.5,32.287273,88.83,80.44215
2025-03-06 01:00:00,30.5,29.388182,88.83,89.33123
2025-03-06 02:00:00,30.1,29.455225,82.72,87.26618
2025-03-06 03:00:00,26.0,29.769886,94.23,82.78281
2025-03-06 04:00:00,26.0,27.203152,88.75,92.1745
2025-03-06 05:00:00,30.7,26.920265,86.25,87.82095
2025-03-06 06:00:00,26.0,30.92572,88.75,83.290634
2025-03-06 07:00:00,30.2,28.327473,83.7,85.56932
2025-03-06 08:00:00,32.8,31.780409,78.98,76.891556
2025-03-06 09:00:00,36.3,34.360695,74.61,75.3634
2025-03-06 10:00:00,37.9,37.360695,70.46,70.59466
2025-03-06 11:00:00,38.7,38.97502,73.0,67.829765
2025-03-06 12:00:00,40.8,39.246647,70.59,71.64301
2025-03-06 13:00:00,39.4,40.561333,66.58,69.75654
2025-03-06 14:00:00,40.2,38.8748,66.65,66.456535
2025-03-06 15:00:00,40.8,38.808197,70.64,66.75574
2025-03-06 16:00:00,39.1,38.55719,66.57,70.91301
2025-03-06 17:00:00,39.1,38.224373,73.47,67.89958
2025-03-06 18:00:00,39.2,37.85464,74.78,76.523056
2025-03-06 19:00:00,36.3,38.07879,74.65,76.03431
2025-03-06 20:00:00,36.4,36.038654,79.15,76.4752
2025-03-06 21:00:00,37.6,35.794483,79.22,80.416954
2025-03-06 22:00:00,30.0,36.353813,83.67,80.44952
2025-03-06 23:00:00,34.9,29.610264,79.09,84.70209
2025-03-07 00:00:00,34.7,34.212105,79.09,80.74386
2025-03-07 01:00:00,26.0,33.776817,88.75,82.19535
2025-03-07 02:00:00,26.0,26.98327,88.75,87.408325
2025-03-07 03:00:00,30.7,26.8453,88.84,86.036514
2025-03-07 04:00:00,30.7,29.902445,88.84,87.66717
2025-03-07 05:00:00,30.0,30.407711,87.25,87.68097
2025-03-07 06:00:00,30.7,30.395142,88.84,85.68689
2025-03-07 07:00:00,26.0,31.56053,83.56,86.73356
2025-03-07 08:00:00,34.1,29.756456,79.03,77.72056
2025-03-07 09:00:00,34.0,36.05753,66.17,75.59282
2025-03-07 10:00:00,37.8,35.607693,62.7,63.95192
2025-03-07 11:00:00,38.3,39.584167,62.71,62.386806
2025-03-07 12:00:00,38.2,39.159462,49.64,61.424725
2025-03-07 13:00:00,40.5,38.267445,56.03,50.10366
2025-03-07 14:00:00,38.6,40.64107,59.9,60.447567
2025-03-07 15:00:00,38.0,37.844772,55.79,62.78455
2025-03-07 16:00:00,35.4,37.004486,78.64,61.782223
2025-03-07 17:00:00,37.2,35.205627,67.21,74.68182
2025-03-07 18:00:00,37.6,36.782215,70.47,68.02707
2025-03-07 19:00:00,36.1,36.850914,74.62,73.815216
2025-03-07 20:00:00,36.1,35.868923,75.96,74.97937
2025-03-07 21:00:00,34.4,35.705418,79.05,78.74029
2025-03-07 22:00:00,32.6,33.90458,83.78,80.683754
2025-03-07 23:00:00,32.6,31.983076,83.78,85.21421
2025-03-08 00:00:00,31.0,32.2933,94.27,84.56066
2025-03-08 01:00:00,30.5,30.575005,88.83,93.60567
2025-03-08 02:00:00,30.5,29.877668,88.83,88.875336
2025-03-08 03:00:00,26.0,29.772696,94.23,87.501755
2025-03-08 04:00:00,26.0,27.398548,94.23,91.16652
2025-03-08 05:00:00,32.1,28.084352,86.31,88.83936
2025-03-08 06:00:00,26.0,32.686604,94.23,83.17684
2025-03-08 07:00:00,26.0,28.760393,88.75,85.57249
2025-03-08 08:00:00,33.7,29.417816,83.8,81.62255
2025-03-08 09:00:00,34.4,35.45843,58.8,78.34879
2025-03-08 10:00:00,37.8,36.04117,62.7,55.416885
2025-03-08 11:00:00,39.8,38.711414,67.75,61.788902
2025-03-08 12:00:00,40.5,39.944054,49.9,68.04954
2025-03-08 13:00:00,39.3,39.70548,66.57,52.244114
2025-03-08 14:00:00,40.6,38.258907,67.82,66.48826
2025-03-08 15:00:00,39.3,39.434082,66.58,70.23107
2025-03-08 16:00:00,39.3,37.58552,74.8,65.73543
2025-03-08 17:00:00,36.9,37.752678,73.78,74.291
2025-03-08 18:00:00,36.3,36.55815,74.64,75.35694
2025-03-08 19:00:00,36.1,36.44417,74.62,74.48939
2025-03-08 20:00:00,36.0,36.13977,77.74,76.968544
2025-03-08 21:00:00,33.4,35.83155,88.91,78.699844
2025-03-08 22:00:00,33.8,32.974037,82.85,87.86488
2025-03-08 23:00:00,35.7,33.34722,80.05,82.860954
2025-03-09 00:00:00,31.0,35.07391,94.27,80.95851
2025-03-09 01:00:00,33.4,30.360403,88.91,94.442825
2025-03-09 02:00:00,31.0,32.960163,94.27,88.373055
2025-03-09 03:00:00,26.0,30.001957,94.23,92.82032
2025-03-09 04:00:00,26.0,28.105127,94.23,91.43051
2025-03-09 05:00:00,30.3,27.093107,84.22,89.22217
2025-03-09 06:00:00,26.0,31.095535,94.23,80.98578
2025-03-09 07:00:00,32.1,28.641216,78.96,86.94903
2025-03-09 08:00:00,35.7,34.151516,82.44,71.7928
2025-03-09 09:00:00,35.0,37.249535,70.28,79.577866
2025-03-09 10:00:00,39.3,35.875153,66.57,64.27355
2025-03-09 11:00:00,38.8,39.82456,64.22,64.47053
2025-03-09 12:00:00,38.2,39.01176,49.64,64.56895
2025-03-09 13:00:00,39.2,38.11131,52.75,50.54851
2025-03-09 14:00:00,39.9,38.91267,69.75,60.19485
2025-03-09 15:00:00,38.0,39.176487,55.79,68.43211
2025-03-09 16:00:00,37.8,37.091488,62.7,62.21505
2025-03-09 17:00:00,38.1,36.85011,74.69,72.914825
2025-03-09 18:00:00,36.1,37.15515,74.62,75.690414
2025-03-09 19:00:00,36.3,35.971443,74.65,73.79756
2025-03-09 20:00:00,36.5,35.680504,75.09,77.572845
2025-03-09 21:00:00,36.3,36.071995,74.65,77.722176
2025-03-09 22:00:00,32.1,35.737274,78.94,77.42145
2025-03-09 23:00:00,32.3,32.022762,78.96,81.13034
2025-03-10 00:00:00,30.5,31.844992,88.83,81.34801
2025-03-10 01:00:00,30.0,29.738008,83.67,87.86986
2025-03-10 02:00:00,31.3,29.450947,86.25,82.07408
2025-03-10 03:00:00,26.0,30.21051,94.23,86.15918
2025-03-10 04:00:00,26.0,28.172428,94.23,90.9493
2025-03-10 05:00:00,26.4,27.235552,92.58,89.7699
2025-03-10 06:00:00,26.0,28.36938,94.23,89.22934
2025-03-10 07:00:00,25.8,29.151773,90.35,88.44917
2025-03-10 08:00:00,31.2,29.57946,85.22,85.7315
2025-03-10 09:00:00,34.4,33.54928,79.05,80.229836
2025-03-10 10:00:00,37.6,36.401382,70.47,73.92703
2025-03-10 11:00:00,37.1,38.747528,69.59,67.50298
2025-03-10 12:00:00,39.1,37.683376,59.26,68.94036
2025-03-10 13:00:00,40.5,39.575542,56.03,58.435417
2025-03-10 14:00:00,42.8,39.919926,63.82,59.00086
2025-03-10 15:00:00,40.5,39.455513,62.92,67.54435
2025-03-10 16:00:00,39.1,39.209557,66.57,65.02457
2025-03-10 17:00:00,37.3,37.919353,70.44,69.45696
2025-03-10 18:00:00,36.1,36.596188,74.62,72.13479
2025-03-10 19:00:00,36.1,36.634262,74.62,74.67953
2025-03-10 20:00:00,36.0,36.99342,77.75,76.61444
2025-03-10 21:00:00,34.4,35.93039,79.05,78.64376
2025-03-10 22:00:00,34.4,33.905285,79.05,79.83542
2025-03-10 23:00:00,35.0,33.581604,76.79,80.10841
2025-03-11 00:00:00,31.0,34.549797,94.27,80.25038
2025-03-11 01:00:00,32.6,30.251408,83.78,92.96341
2025-03-11 02:00:00,34.0,32.100426,81.43,83.23659
2025-03-11 03:00:00,26.0,33.065525,94.23,82.5156
2025-03-11 04:00:00,26.0,27.096342,94.23,92.68964
2025-03-11 05:00:00,32.3,27.259369,83.8,90.38996
2025-03-11 06:00:00,25.0,32.1288,100.0,80.80933
2025-03-11 07:00:00,26.0,28.656595,94.23,89.44581
2025-03-11 08:00:00,34.7,29.480103,79.07,86.063286
2025-03-11 09:00:00,35.0,35.777195,70.28,73.68139
2025-03-11 10:00:00,39.1,36.56295,66.57,65.37211
2025-03-11 11:00:00,39.6,40.116722,70.54,64.635414
2025-03-11 12:00:00,38.2,39.782032,49.64,69.4145
2025-03-11 13:00:00,39.3,38.086052,66.49,49.48124
2025-03-11 14:00:00,40.2,39.335464,66.6,65.28154
2025-03-11 15:00:00,39.3,39.549446,66.57,65.87142
2025-03-11 16:00:00,37.9,38.561405,70.46,64.2598
2025-03-11 17:00:00,38.0,36.787888,72.56,71.8015
2025-03-11 18:00:00,36.3,37.115646,74.62,74.37049
2025-03-11 19:00:00,36.3,36.26711,74.65,74.90073
2025-03-11 20:00:00,35.8,35.855442,76.85,75.693825
2025-03-11 21:00:00,34.4,35.69004,79.05,78.74221
2025-03-11 22:00:00,35.5,34.013313,83.89,80.50268
2025-03-11 23:00:00,35.5,34.87597,81.47,83.23631
2025-03-12 00:00:00,31.0,34.938335,94.27,81.99197
2025-03-12 01:00:00,30.5,30.656092,88.83,93.78196
2025-03-12 02:00:00,26.0,29.789307,100.0,87.129
2025-03-12 03:00:00,26.0,27.314556,100.0,93.90333
2025-03-12 04:00:00,26.0,28.143501,94.23,94.02899
2025-03-12 05:00:00,30.8,27.262074,82.23,89.88908
2025-03-12 06:00:00,24.0,31.390339,88.6,76.62129
2025-03-12 07:00:00,30.2,28.968548,83.68,82.93457
2025-03-12 08:00:00,29.3,31.947348,63.33,77.79703
2025-03-12 09:00:00,31.4,31.072412,51.77,61.84616
2025-03-12 10:00:00,31.9,33.294804,45.95,50.677498
2025-03-12 11:00:00,34.2,33.724754,48.29,45.647587
2025-03-12 12:00:00,31.3,35.93375,46.67,50.49313
2025-03-12 13:00:00,37.4,32.391163,46.68,47.734177
2025-03-12 14:00:00,37.8,38.324455,52.51,44.11942
2025-03-12 15:00:00,38.2,37.996326,55.69,51.27354
2025-03-12 16:00:00,38.2,37.269722,55.82,66.31303
2025-03-12 17:00:00,36.0,37.003933,63.25,69.77917
2025-03-12 18:00:00,36.3,35.336536,74.56,71.810486
2025-03-12 19:00:00,33.7,35.78017,74.42,73.9323
2025-03-12 20:00:00,34.7,34.302345,75.39,74.72392
2025-03-12 21:00:00,33.7,34.81609,74.47,76.931725
2025-03-12 22:00:00,33.7,33.758675,74.5,77.01009
2025-03-12 23:00:00,33.5,33.685238,75.8,77.12934
2025-03-13 00:00:00,33.7,33.0297,74.49,78.51227
2025-03-13 01:00:00,26.0,33.1733,78.63,78.064514
2025-03-13 02:00:00,31.4,26.838396,81.3,81.94287
2025-03-13 03:00:00,25.0,30.993021,88.68,81.71433
2025-03-13 04:00:00,30.7,27.227903,88.86,86.077484
2025-03-13 05:00:00,31.1,29.885138,84.75,85.12893
2025-03-13 06:00:00,28.9,30.835878,69.8,82.290955
2025-03-13 07:00:00,30.7,28.351847,69.97,62.58591
2025-03-13 08:00:00,32.0,30.825346,62.14,67.533745
2025-03-13 09:00:00,34.7,32.31913,58.79,58.663925
2025-03-13 10:00:00,35.4,35.371307,46.45,59.36987
2025-03-13 11:00:00,38.5,36.42354,52.64,49.05189
2025-03-13 12:00:00,37.1,38.612778,52.49,53.553955
2025-03-13 13:00:00,38.4,37.495216,44.17,51.406036
2025-03-13 14:00:00,36.6,38.024105,57.28,48.36827
2025-03-13 15:00:00,38.2,36.168617,55.81,56.526703
2025-03-13 16:00:00,36.0,37.170113,49.39,57.398476
2025-03-13 17:00:00,36.6,35.719654,59.7,57.014973
2025-03-13 18:00:00,35.7,36.27418,55.55,66.68614
2025-03-13 19:00:00,33.2,35.52527,62.27,65.610985
2025-03-13 20:00:00,36.7,33.53042,68.35,66.43836
2025-03-13 21:00:00,31.9,35.482265,65.97,73.09897
2025-03-13 22:00:00,35.6,32.07058,62.52,70.44883
2025-03-13 23:00:00,33.9,34.566055,64.61,67.26301
